"","new_name","country","year","lon","lat","rank_cwur","national_rank_cwur","quality_of_education","alumni_employment","quality_of_faculty","publications","influence","citations_cwur","broad_impact","patents","total_score_cwur","rank_times","teaching","international","research","citations_times","income","total_score_times","num_students","student_staff_ratio","international_students","female_male_ratio","rank_shanghai","national_rank_shanghai","total_score_shanghai","alumni","award","hici","ns","pub","pcp"
"4","Yuan Ze University","Taiwan",2015,NA,NA,979,20,367,567,218,923,984,812,946,871,44.05,NA,NA,NA,NA,NA,NA,NA,NA,NA,NA,NA,NA,NA,NA,NA,NA,NA,NA,NA,NA
"6","Yonsei University","South Korea",2015,NA,NA,98,2,367,45,218,140,326,321,235,23,51.02,213,44.5,35.7,45.8,44.3,69.7,NA,"24,774",11.6,"14%","",250,"2-5",NA,0,0,8.6,4.9,52.1,21.4
"8","Yokohama City University","Japan",2015,NA,NA,513,27,367,231,218,685,370,645,520,359,44.73,NA,NA,NA,NA,NA,NA,NA,NA,NA,NA,NA,NA,NA,NA,NA,NA,NA,NA,NA,NA
"9","Yeungnam University","South Korea",2015,NA,NA,770,25,367,417,218,761,974,812,867,231,44.27,NA,NA,NA,NA,NA,NA,NA,NA,NA,NA,NA,NA,NA,NA,NA,NA,NA,NA,NA,NA
"12","Yamaguchi University","Japan",2015,NA,NA,657,41,367,567,218,753,787,645,732,202,44.42,NA,NA,NA,NA,NA,NA,NA,NA,NA,NA,NA,NA,NA,NA,NA,NA,NA,NA,NA,NA
"13","Yamagata University","Japan",2015,NA,NA,760,52,367,567,218,775,736,812,686,535,44.29,NA,NA,NA,NA,NA,NA,NA,NA,NA,NA,NA,NA,NA,NA,NA,NA,NA,NA,NA,NA
"26","Weizmann Institute of Science","Israel",2015,NA,NA,39,2,19,567,22,246,63,234,143,45,57.17,NA,NA,NA,NA,NA,NA,NA,NA,NA,NA,NA,126,"3",NA,17.8,16.3,17,34.7,26.8,25.1
"30","Waseda University","Japan",2015,NA,NA,38,4,288,8,218,406,389,368,388,248,58.17,376,25.5,43.1,16.3,55.5,32.6,NA,"52,316",16.9,"8%","35 : 65",NA,NA,NA,NA,NA,NA,NA,NA,NA
"31","Warsaw University of Technology","Poland",2015,NA,NA,646,3,344,545,218,696,757,287,579,824,44.43,NA,NA,NA,NA,NA,NA,NA,NA,NA,NA,NA,NA,NA,NA,NA,NA,NA,NA,NA,NA
"34","VU University Amsterdam","Netherlands",2015,NA,NA,129,6,367,385,218,79,120,68,79,871,49.44,136,35.5,50.6,43.2,74.9,60,51.4,"23,280",16.3,"6%","56 : 44",98,"4",24.2,0,0,27.8,18,55.5,33.3
"36","Vita-Salute San Raffaele University","Italy",2015,NA,NA,329,11,367,567,218,478,279,321,260,871,45.61,NA,NA,NA,NA,NA,NA,NA,NA,NA,NA,NA,NA,NA,NA,NA,NA,NA,NA,NA,NA
"37","Virginia Polytechnic Institute and State University","United States of America",2015,NA,NA,256,98,283,152,218,201,264,234,285,181,46.46,288,40.1,28.9,40,40.7,42.6,NA,"30,850",18.6,"10%","42 : 58",250,"79-102",NA,11.5,0,11.4,11.4,40.9,17.4
"42","Versailles Saint-Quentin-en-Yvelines University","France",2015,NA,NA,371,15,367,567,218,443,232,264,308,839,45.36,NA,NA,NA,NA,NA,NA,NA,NA,NA,NA,NA,NA,NA,NA,NA,NA,NA,NA,NA,NA
"46","Uppsala University","Sweden",2015,NA,NA,124,3,73,321,70,95,75,93,103,871,49.57,98,40.2,57.5,53,70.9,39.6,54.6,"25,266",18.2,"12%","57 : 43",61,"2",29.2,17.8,27.4,18.4,24.6,49.8,27.1
"66","University of Warsaw","Poland",2015,NA,NA,462,2,118,562,150,409,462,428,437,716,44.91,326,20.8,41.6,13.6,70,28.5,NA,"49,292",14.1,"7%","67 : 33",350,"1-2",NA,15.4,0,0,8.8,29.9,16
"67","University of Wales, Trinity Saint David","United Kingdom",2015,NA,NA,830,62,367,567,218,1000,927,645,754,871,44.2,NA,NA,NA,NA,NA,NA,NA,NA,NA,NA,NA,NA,NA,NA,NA,NA,NA,NA,NA,NA
"73","University of Veterinary Medicine Vienna","Austria",2015,NA,NA,848,12,367,567,184,872,687,511,809,654,44.19,NA,NA,NA,NA,NA,NA,NA,NA,NA,NA,NA,NA,NA,NA,NA,NA,NA,NA,NA,NA
"76","University of Valladolid","Spain",2015,NA,NA,841,31,367,454,218,691,888,812,850,407,44.19,NA,NA,NA,NA,NA,NA,NA,NA,NA,NA,NA,NA,NA,NA,NA,NA,NA,NA,NA,NA
"77","University of Valenciennes and Hainaut-Cambresis","France",2015,NA,NA,966,47,367,567,218,866,950,645,932,871,44.06,NA,NA,NA,NA,NA,NA,NA,NA,NA,NA,NA,NA,NA,NA,NA,NA,NA,NA,NA,NA
"95","University of Tokyo","Japan",2015,NA,NA,13,1,16,3,38,14,19,31,29,7,78.23,23,81.4,32.4,85.1,74.7,51.2,76.1,"26,199",5.7,"10%","",21,"1",42,30.8,14.1,41.9,48.6,70.8,28.8
"99","University of the Ryukyus","Japan",2015,NA,NA,855,64,367,567,218,922,663,645,796,618,44.18,NA,NA,NA,NA,NA,NA,NA,NA,NA,NA,NA,NA,NA,NA,NA,NA,NA,NA,NA,NA
"100","University of the Republic (Uruguay)","Uruguay",2015,NA,NA,867,66,367,567,218,814,669,812,809,871,44.16,NA,NA,NA,NA,NA,NA,NA,NA,NA,NA,NA,NA,NA,NA,NA,NA,NA,NA,NA,NA
"101","University of the Basque Country","Spain",2015,NA,NA,485,15,367,567,218,318,387,511,480,266,44.83,NA,NA,NA,NA,NA,NA,NA,NA,NA,NA,NA,450,"9-13",NA,0,0,3.6,7.1,36.1,13.5
"103","University of the Algarve","Portugal",2015,NA,NA,996,7,367,567,218,926,845,812,969,816,44.03,NA,NA,NA,NA,NA,NA,NA,NA,NA,NA,NA,NA,NA,NA,NA,NA,NA,NA,NA,NA
"106","University of Texas MD Anderson Cancer Center","United States of America",2015,NA,NA,90,53,367,567,80,93,72,42,29,71,51.51,NA,NA,NA,NA,NA,NA,NA,NA,NA,NA,NA,126,"52-65",NA,0,0,28.2,21.4,41.3,32.4
"130","University of Southern Denmark","Denmark",2015,NA,NA,356,4,367,567,218,386,327,321,295,320,45.46,326,19.5,67.1,20.5,61.2,72.6,NA,"22,210",12.7,"16%","52 : 48",250,"4",NA,0,0,7.2,11.9,37.6,19.8
"142","University of Seville","Spain",2015,NA,NA,398,10,367,564,218,339,516,428,529,104,45.17,NA,NA,NA,NA,NA,NA,NA,NA,NA,NA,NA,450,"9-13",NA,0,0,0,7.5,33.7,11.3
"153","University of Salerno","Italy",2015,NA,NA,703,40,367,567,218,537,835,511,646,525,44.36,NA,NA,NA,NA,NA,NA,NA,NA,NA,NA,NA,NA,NA,NA,NA,NA,NA,NA,NA,NA
"154","University of Salento","Italy",2015,NA,NA,765,43,367,567,218,661,743,511,699,654,44.28,263,32.3,40.3,25.6,64.5,38.4,NA,"19,959",58.4,"1%","64 : 36",NA,NA,NA,NA,NA,NA,NA,NA,NA
"157","University of Rostock","Germany",2015,NA,NA,450,35,364,567,218,443,591,511,373,325,44.96,NA,NA,NA,NA,NA,NA,NA,NA,NA,NA,NA,450,"29-39",NA,0,0,8.6,8.4,25,13.5
"159","University of Rochester","United States of America",2015,NA,NA,81,49,72,53,113,114,118,68,79,64,52.03,121,41.9,55.5,29.2,87.7,36.4,52.7,"9,390",4.5,"26%","49 : 51",126,"52-65",NA,24.6,7.7,25.2,20.8,39,20.8
"161","University of Rennes 1","France",2015,NA,NA,475,19,367,567,218,351,341,428,420,344,44.86,NA,NA,NA,NA,NA,NA,NA,NA,NA,NA,NA,450,"19-22",NA,0,0,3.6,9.2,28.1,11.2
"173","University of Poitiers","France",2015,NA,NA,675,30,255,567,148,636,470,645,671,754,44.39,NA,NA,NA,NA,NA,NA,NA,NA,NA,NA,NA,NA,NA,NA,NA,NA,NA,NA,NA,NA
"176","University of Picardie Jules Verne","France",2015,NA,NA,764,35,367,567,218,826,782,428,699,543,44.28,NA,NA,NA,NA,NA,NA,NA,NA,NA,NA,NA,NA,NA,NA,NA,NA,NA,NA,NA,NA
"178","University of Perpignan Via Domitia","France",2015,NA,NA,822,40,160,567,218,974,580,428,826,871,44.21,NA,NA,NA,NA,NA,NA,NA,NA,NA,NA,NA,NA,NA,NA,NA,NA,NA,NA,NA,NA
"185","University of Paris-Sud","France",2015,NA,NA,58,3,26,393,26,73,86,115,97,324,54.21,120,37.3,62.7,33.1,87.7,28.9,52.8,"27,603",15,"17%","",41,"2",33.6,30.3,54.3,16.8,17.4,47.3,26.6
"186","University of Paris Descartes","France",2015,NA,NA,217,11,203,567,218,177,142,287,156,455,47.06,NA,NA,NA,NA,NA,NA,NA,NA,NA,NA,NA,176,"7-8",NA,11.5,9.4,12.2,13.5,40.1,15.7
"191","University of Oviedo","Spain",2015,NA,NA,559,16,367,539,218,440,445,428,495,579,44.61,NA,NA,NA,NA,NA,NA,NA,NA,NA,NA,NA,NA,NA,NA,NA,NA,NA,NA,NA,NA
"192","University of Oulu","Finland",2015,NA,NA,447,6,275,369,218,432,344,368,375,521,44.96,NA,NA,NA,NA,NA,NA,NA,NA,NA,NA,NA,350,"2-3",NA,11.5,0,8.6,7,28.5,15.4
"196","University of Oslo","Norway",2015,NA,NA,99,1,53,286,40,106,134,101,102,302,50.81,186,36.1,60.3,35.2,66.3,36.6,46.7,"27,139",18.8,"18%","",58,"1",29.4,28.1,32.6,15.9,18.2,49.1,26.9
"209","University of Nice Sophia Antipolis","France",2015,NA,NA,505,21,266,567,218,451,259,511,424,513,44.75,NA,NA,NA,NA,NA,NA,NA,NA,NA,NA,NA,450,"19-22",NA,0,0,3.6,16.3,26.2,12.7
"225","University of Naples Federico II","Italy",2015,NA,NA,268,7,331,459,218,175,324,234,227,792,46.36,NA,NA,NA,NA,NA,NA,NA,NA,NA,NA,NA,350,"9-10",NA,0,0,3.6,4.2,42,16.6
"249","University of Massachusetts Medical School","United States of America",2015,NA,NA,183,79,367,567,80,296,76,234,122,143,47.85,NA,NA,NA,NA,NA,NA,NA,NA,NA,NA,NA,126,"52-65",NA,0,20,15.9,24.9,27.4,23.9
"256","University of Marrakech Cadi Ayyad","Morocco",2015,NA,NA,NA,NA,NA,NA,NA,NA,NA,NA,NA,NA,NA,326,16.3,45.1,6.5,83,28.6,NA,"56,060",38.7,"1%","46 : 54",NA,NA,NA,NA,NA,NA,NA,NA,NA
"275","University of Liege","Belgium",2015,NA,NA,321,7,143,567,144,317,218,234,300,285,45.73,376,25.9,69.1,18.4,44.6,70.4,NA,"20,951",25.9,"23%","54 : 46",250,"5-6",NA,7.3,0,10.1,13.5,30.8,23.5
"281","University of La Laguna","Spain",2015,NA,NA,603,17,367,567,218,514,336,645,529,661,44.51,NA,NA,NA,NA,NA,NA,NA,NA,NA,NA,NA,NA,NA,NA,NA,NA,NA,NA,NA,NA
"285","University of Kiel","Germany",2015,NA,NA,215,17,193,487,198,232,183,161,143,310,47.11,238,31.1,44.2,24.3,70.8,42,NA,"24,444",23.8,"8%","53 : 47",176,"9-13",NA,10.3,13.3,13.8,13.7,29.7,18.8
"294","University of Insubria","Italy",2015,NA,NA,676,36,367,567,218,705,564,645,579,871,44.39,NA,NA,NA,NA,NA,NA,NA,NA,NA,NA,NA,NA,NA,NA,NA,NA,NA,NA,NA,NA
"296","University of Illinois at Urbana-Champaign","United States of America",2015,NA,NA,33,24,33,75,21,40,48,42,74,65,59.94,29,67.7,43.9,79,77.8,51.7,71.9,"42,727",18.7,"20%","47 : 53",29,"21",38.6,29.9,36.2,34.9,32.4,55.5,28.6
"307","University of Helsinki","Finland",2015,NA,NA,111,1,56,551,111,80,79,88,65,420,50.04,103,37.5,49.7,48.1,79,31.5,53.9,"23,505",15.1,"6%","66 : 34",67,"1",28.2,12.6,16.3,25.2,22.4,51.8,31.3
"308","University of Hawaii at Manoa","United States of America",2015,NA,NA,488,156,367,435,153,448,213,368,457,490,44.82,263,35.1,59.4,30.7,51.5,38.3,NA,"",NA,"","",176,"66-78",NA,0,0,20.1,22.9,36,18.7
"336","University of Electro-Communications","Japan",2015,NA,NA,840,63,161,567,218,857,833,645,906,332,44.19,NA,NA,NA,NA,NA,NA,NA,NA,NA,NA,NA,NA,NA,NA,NA,NA,NA,NA,NA,NA
"338","University of Eastern Piedmont Amedeo Avogadro","Italy",2015,NA,NA,630,33,367,567,218,693,623,645,540,739,44.46,NA,NA,NA,NA,NA,NA,NA,NA,NA,NA,NA,NA,NA,NA,NA,NA,NA,NA,NA,NA
"339","University of Eastern Finland","Finland",2015,NA,NA,366,2,367,567,218,374,388,321,300,861,45.37,376,24.3,44.1,21.6,53.8,32.8,NA,"10,798",17.3,"6%","64 : 36",450,"4-6",NA,0,0,10.7,5.7,28.8,15.3
"389","University of Burgundy","France",2015,NA,NA,654,28,224,567,218,513,527,812,590,774,44.42,NA,NA,NA,NA,NA,NA,NA,NA,NA,NA,NA,NA,NA,NA,NA,NA,NA,NA,NA,NA
"403","University of Bern","Switzerland",2015,NA,NA,200,7,184,526,213,163,128,93,159,433,47.49,132,42,80.7,36.9,70.1,47.4,51.9,"14,708",22.5,"14%","54 : 46",176,"6",NA,12.6,0,16.3,19.2,41.3,26.9
"409","University of Basel","Switzerland",2015,NA,NA,160,5,83,363,60,167,100,136,130,486,48.48,75,41.2,91.2,41.1,81.4,97.7,58.4,"12,551",17.3,"24%","54 : 46",87,"4",24.9,19.2,16.3,17.4,21.4,39.2,35
"410","University of Bari Aldo Moro","Italy",2015,NA,NA,377,16,367,567,218,352,322,511,313,527,45.31,376,29.1,38.1,18.1,52,35.2,NA,"51,560",65.1,"2%","65 : 35",NA,NA,NA,NA,NA,NA,NA,NA,NA
"416","University of Arkansas for Medical Sciences","United States of America",2015,NA,NA,429,143,367,567,218,501,565,812,344,340,45.08,NA,NA,NA,NA,NA,NA,NA,NA,NA,NA,NA,NA,NA,NA,NA,NA,NA,NA,NA,NA
"417","University of Arkansas at Little Rock","United States of America",2015,NA,NA,NA,NA,NA,NA,NA,NA,NA,NA,NA,NA,NA,NA,NA,NA,NA,NA,NA,NA,NA,NA,NA,NA,450,"126-146",NA,0,0,10.7,2.1,24.4,19.9
"435","University Lille 1: Sciences and Technologies","France",2015,NA,NA,562,24,367,567,218,414,400,368,511,546,44.6,NA,NA,NA,NA,NA,NA,NA,NA,NA,NA,NA,NA,NA,NA,NA,NA,NA,NA,NA,NA
"445","UNESP, São Paulo State University","Brazil",2015,NA,NA,664,7,367,567,218,356,613,511,671,627,44.41,NA,NA,NA,NA,NA,NA,NA,NA,NA,NA,NA,350,"2-4",NA,0,0,0,6.6,44.5,21.8
"446","Umea University","Sweden",2015,NA,NA,287,7,367,567,218,275,198,212,219,871,46.14,376,21.2,50.3,25.7,52.7,31.3,NA,"16,667",11.9,"7%","60 : 40",350,"8-10",NA,0,0,12.2,10.4,33.7,16.8
"457","Tokyo University of Science","Japan",2015,NA,NA,481,23,367,567,218,530,530,428,457,191,44.84,NA,NA,NA,NA,NA,NA,NA,NA,NA,NA,NA,NA,NA,NA,NA,NA,NA,NA,NA,NA
"458","Tokyo University of Agriculture and Technology","Japan",2015,NA,NA,624,38,367,567,218,641,756,511,606,264,44.47,NA,NA,NA,NA,NA,NA,NA,NA,NA,NA,NA,NA,NA,NA,NA,NA,NA,NA,NA,NA
"460","Tokyo Medical and Dental University","Japan",2015,NA,NA,392,15,367,567,218,473,352,645,335,272,45.2,288,42.7,21.8,22.9,51.1,56.9,NA,"2,872",3.3,"7%","51 : 49",450,"13-18",NA,0,0,3.6,9.2,23.9,23.2
"461","Tokyo Institute of Technology","Japan",2015,NA,NA,109,8,170,50,128,169,169,136,190,52,50.13,141,53.5,37,52.9,48.1,69.4,50.9,"9,586",7.3,"13%","13 : 87",176,"6-7",NA,12.6,0,15.9,15.3,37.8,24
"462","Tokai University","Japan",2015,NA,NA,622,37,367,567,218,721,644,645,540,448,44.48,NA,NA,NA,NA,NA,NA,NA,NA,NA,NA,NA,NA,NA,NA,NA,NA,NA,NA,NA,NA
"463","Tohoku University","Japan",2015,NA,NA,73,6,41,170,218,68,127,115,119,22,52.57,165,49.7,29.7,47.3,49.6,76.8,48.1,"17,200",5,"7%","25 : 75",126,"5",NA,14.5,0,23.9,21,52.2,21.6
"465","Tilburg University","Netherlands",2015,NA,NA,689,13,367,289,218,566,878,428,732,871,44.37,288,33,62.2,45.1,34.9,55.1,NA,"7,576",22.4,"10%","49 : 51",NA,NA,NA,NA,NA,NA,NA,NA,NA
"475","Teikyo University","Japan",2015,NA,NA,908,70,367,567,218,966,767,812,850,803,44.12,NA,NA,NA,NA,NA,NA,NA,NA,NA,NA,NA,NA,NA,NA,NA,NA,NA,NA,NA,NA
"477","Technion Israel Institute of Technology","Israel",2015,NA,NA,136,4,45,180,55,186,221,161,209,88,49.12,213,36.9,60.6,37.5,52,36.5,NA,"13,855",19.4,"4%","35 : 65",77,"2",26.7,23.5,37.6,15.2,18.3,33.3,28.2
"479","Technical University of Madrid","Spain",2015,NA,NA,435,12,215,212,218,470,697,645,770,110,45.03,NA,NA,NA,NA,NA,NA,NA,NA,NA,NA,NA,NA,NA,NA,NA,NA,NA,NA,NA,NA
"482","Technical University of Darmstadt","Germany",2015,NA,NA,374,34,66,344,218,376,457,368,413,330,45.32,263,36.9,59.6,33.7,42,88.9,NA,"20,300",53.6,"18%","28 : 72",450,"29-39",NA,14.5,0,3.6,7.6,27.8,15
"484","Technical University of Berlin","Germany",2015,NA,NA,345,30,85,271,218,360,412,368,388,177,45.52,238,42.2,70.4,32.3,47,63.4,NA,"",NA,"","",350,"22-28",NA,16.2,0,7.8,7.4,29.1,16.5
"486","Tarbiat Modares University","Iran",2015,NA,NA,912,4,367,567,218,769,991,812,867,871,44.12,NA,NA,NA,NA,NA,NA,NA,NA,NA,NA,NA,NA,NA,NA,NA,NA,NA,NA,NA,NA
"490","Swiss Federal Institute of Technology Lausanne","Switzerland",2015,NA,NA,91,2,367,74,116,124,114,39,110,58,51.47,34,54.7,98.8,56.9,95,61.9,70.9,"9,666",10.5,"54%","27 : 73",126,"5",NA,0,0,26.1,29.2,41.8,38.4
"492","Swinburne University of Technology","Australia",2015,NA,NA,688,20,367,567,218,654,456,511,606,772,44.38,376,20.2,86.9,16.3,50.2,38.8,NA,"20,314",36.5,"33%","44 : 56",350,"12-19",NA,0,0,11.3,10.7,22.3,22.6
"493","Swedish University of Agricultural Sciences","Sweden",2015,NA,NA,416,10,146,567,218,393,268,428,353,871,45.12,263,27.9,49.6,25.2,59.9,99.8,NA,"3,879",4.6,"","67 : 33",250,"6-7",NA,0,0,13.3,14.3,29.1,24.2
"496","Sungkyunkwan University","South Korea",2015,NA,NA,211,7,367,225,218,194,317,161,270,69,47.19,148,48.1,35.8,50.2,51.7,98.5,50.2,"24,365",20.3,"9%","39 : 61",250,"2-5",NA,0,0,0,11.1,47,21.4
"500","Stockholm School of Economics","Sweden",2015,NA,NA,NA,NA,NA,NA,NA,NA,NA,NA,NA,NA,NA,NA,NA,NA,NA,NA,NA,NA,NA,NA,NA,NA,450,"11",NA,0,16.3,0,NA,10.2,39.4
"509","Southern Methodist University","United States of America",2015,NA,NA,142,68,179,28,218,624,655,368,646,824,48.99,NA,NA,NA,NA,NA,NA,NA,NA,NA,NA,NA,NA,NA,NA,NA,NA,NA,NA,NA,NA
"511","Southern Illinois University Carbondale","United States of America",2015,NA,NA,590,175,208,533,218,591,512,812,520,588,44.53,NA,NA,NA,NA,NA,NA,NA,NA,NA,NA,NA,NA,NA,NA,NA,NA,NA,NA,NA,NA
"517","Sogang University","South Korea",2015,NA,NA,581,21,367,567,218,806,798,812,921,115,44.56,NA,NA,NA,NA,NA,NA,NA,NA,NA,NA,NA,NA,NA,NA,NA,NA,NA,NA,NA,NA
"521","Showa University","Japan",2015,NA,NA,800,59,367,567,218,985,759,645,715,727,44.24,NA,NA,NA,NA,NA,NA,NA,NA,NA,NA,NA,NA,NA,NA,NA,NA,NA,NA,NA,NA
"524","Shinshu University","Japan",2015,NA,NA,529,30,367,517,218,594,602,368,486,244,44.7,NA,NA,NA,NA,NA,NA,NA,NA,NA,NA,NA,NA,NA,NA,NA,NA,NA,NA,NA,NA
"525","Shimane University","Japan",2015,NA,NA,903,69,367,567,218,956,717,645,850,695,44.13,NA,NA,NA,NA,NA,NA,NA,NA,NA,NA,NA,NA,NA,NA,NA,NA,NA,NA,NA,NA
"533","Seoul National University","South Korea",2015,NA,NA,24,1,367,9,218,36,163,146,112,6,64.82,50,75.5,30.3,77.1,48.7,86.3,64.8,"26,389",13.9,"10%","",126,"1",NA,0,0,12.3,17.9,67.1,23.5
"534","Semmelweis University","Hungary",2015,NA,NA,617,2,367,567,218,650,481,511,529,670,44.48,NA,NA,NA,NA,NA,NA,NA,NA,NA,NA,NA,NA,NA,NA,NA,NA,NA,NA,NA,NA
"535","Sejong University","South Korea",2015,NA,NA,868,31,367,567,218,788,845,812,837,466,44.16,NA,NA,NA,NA,NA,NA,NA,NA,NA,NA,NA,NA,NA,NA,NA,NA,NA,NA,NA,NA
"547","Saga University","Japan",2015,NA,NA,773,55,367,567,218,808,791,812,715,435,44.27,NA,NA,NA,NA,NA,NA,NA,NA,NA,NA,NA,NA,NA,NA,NA,NA,NA,NA,NA,NA
"549","Saarland University","Germany",2015,NA,NA,372,33,367,375,218,392,434,428,318,367,45.33,NA,NA,NA,NA,NA,NA,NA,NA,NA,NA,NA,NA,NA,NA,NA,NA,NA,NA,NA,NA
"551","RWTH Aachen University","Germany",2015,NA,NA,230,18,357,238,131,197,359,182,219,158,46.9,156,39,56.8,29.9,75,69.8,49.2,"37,917",27.6,"16%","31 : 69",250,"14-21",NA,0,0,16.3,6.3,40.6,21.6
"555","Ruprecht Karl University of Heidelberg","Germany",2015,NA,NA,76,1,38,402,51,69,61,46,46,243,52.32,70,52.6,63.1,45.4,81.4,41.6,59.6,"28,881",24.5,"17%","55 : 45",46,"1",32.2,19.9,25.3,23.7,29.4,51.7,34.2
"558","Royal Institute of Technology","Sweden",2015,NA,NA,126,4,199,30,105,221,300,321,318,797,49.54,126,45.7,84,44.8,55.1,100,52.5,"12,062",14.6,"21%","30 : 70",250,"6-7",NA,0,14.9,3.6,10.3,38.3,24.2
"561","Rovira i Virgili University","Spain",2015,NA,NA,644,19,367,567,218,555,573,428,579,485,44.44,NA,NA,NA,NA,NA,NA,NA,NA,NA,NA,NA,NA,NA,NA,NA,NA,NA,NA,NA,NA
"566","Ritsumeikan University","Japan",2015,NA,NA,926,72,367,325,218,906,882,511,984,430,44.1,NA,NA,NA,NA,NA,NA,NA,NA,NA,NA,NA,NA,NA,NA,NA,NA,NA,NA,NA,NA
"569","Rensselaer Polytechnic Institute","United States of America",2015,NA,NA,282,110,137,142,218,402,346,182,292,210,46.19,238,30.9,42.8,26.2,67.8,49.9,NA,"6,671",15,"16%","30 : 70",350,"103-125",NA,12.6,0,13.9,12,22.1,23.5
"572","Queensland University of Technology","Australia",2015,NA,NA,621,18,367,567,218,477,750,511,558,492,44.48,288,29.9,69.8,36,42.9,71.9,NA,"33,391",35.8,"17%","54 : 46",450,"20",NA,0,0,0,3.3,34.6,18.5
"574","Queen's University Belfast","United Kingdom",2015,NA,NA,343,33,183,387,218,306,276,264,313,377,45.53,263,30.1,88.6,25.1,52.2,43.7,NA,"17,940",17.9,"30%","54 : 46",350,"29-33",NA,17.8,0,0,10.1,31.4,17.6
"580","Pukyong National University","South Korea",2015,NA,NA,898,33,367,567,218,906,962,812,896,356,44.13,NA,NA,NA,NA,NA,NA,NA,NA,NA,NA,NA,NA,NA,NA,NA,NA,NA,NA,NA,NA
"584","Pontifical Catholic University of Chile","Chile",2015,NA,NA,376,1,343,139,218,446,310,645,388,396,45.31,NA,NA,NA,NA,NA,NA,NA,NA,NA,NA,NA,450,"2",NA,0,0,3.6,8,30.8,15.6
"585","Pompeu Fabra University","Spain",2015,NA,NA,375,9,367,567,218,397,164,428,318,604,45.31,165,25.1,63.2,28.3,88.3,35.9,48.1,"10,901",18.3,"13%","59 : 41",250,"2-5",NA,0,0,5,19.7,26.4,33.6
"592","Pierre and Marie Curie University","France",2015,NA,NA,63,4,30,404,88,31,35,68,63,87,53.79,103,47.3,64.7,30,83.3,33.4,53.9,"27,862",8.7,"18%","48 : 52",36,"1",35,33.6,27.4,25.8,29.8,59.2,23.9
"596","Paul Valéry University, Montpellier III","France",2015,NA,NA,740,33,367,567,218,837,502,287,686,871,44.31,NA,NA,NA,NA,NA,NA,NA,NA,NA,NA,NA,NA,NA,NA,NA,NA,NA,NA,NA,NA
"597","Paul Sabatier University - Toulouse III","France",2015,NA,NA,236,13,367,567,218,158,102,321,188,514,46.81,NA,NA,NA,NA,NA,NA,NA,NA,NA,NA,NA,250,"9-15",NA,0,0,12.3,20.2,35.5,13.8
"606","Osaka City University","Japan",2015,NA,NA,474,22,108,414,218,484,536,321,471,374,44.86,NA,NA,NA,NA,NA,NA,NA,NA,NA,NA,NA,NA,NA,NA,NA,NA,NA,NA,NA,NA
"619","Norwegian University of Science and Technology","Norway",2015,NA,NA,243,2,252,119,75,279,366,212,273,327,46.67,288,33.5,54.7,29.6,49.6,45,NA,"17,381",13.9,"9%","46 : 54",126,"2",NA,13.6,21,10.1,12.9,36.4,20
"620","Norwegian University of Life Sciences","Norway",2015,NA,NA,789,5,367,567,218,769,570,511,715,782,44.26,NA,NA,NA,NA,NA,NA,NA,NA,NA,NA,NA,NA,NA,NA,NA,NA,NA,NA,NA,NA
"629","North Dakota State University - Main Campus","United States of America",2015,NA,NA,792,211,172,567,218,702,790,812,770,871,44.25,NA,NA,NA,NA,NA,NA,NA,NA,NA,NA,NA,NA,NA,NA,NA,NA,NA,NA,NA,NA
"631","Niigata University","Japan",2015,NA,NA,468,20,367,285,218,527,514,511,447,238,44.88,NA,NA,NA,NA,NA,NA,NA,NA,NA,NA,NA,NA,NA,NA,NA,NA,NA,NA,NA,NA
"632","Nihon University","Japan",2015,NA,NA,473,21,301,565,218,599,588,812,637,113,44.86,NA,NA,NA,NA,NA,NA,NA,NA,NA,NA,NA,NA,NA,NA,NA,NA,NA,NA,NA,NA
"633","Nicolaus Copernicus University in Toruń","Poland",2015,NA,NA,911,6,367,567,218,873,821,511,867,698,44.12,NA,NA,NA,NA,NA,NA,NA,NA,NA,NA,NA,NA,NA,NA,NA,NA,NA,NA,NA,NA
"639","National Yang-Ming University","Taiwan",2015,NA,NA,542,5,367,567,218,345,517,511,495,824,44.65,NA,NA,NA,NA,NA,NA,NA,NA,NA,NA,NA,NA,NA,NA,NA,NA,NA,NA,NA,NA
"640","National University of Singapore","Singapore",2015,NA,NA,65,1,367,98,218,34,125,78,90,25,53.44,25,72,94.9,78.1,66,53.4,73.3,"31,592",15.5,"34%","49 : 51",126,"1",NA,0,0,19.3,20.3,59.5,32.2
"645","National University of Colombia","Colombia",2015,NA,NA,968,2,367,312,218,871,732,812,994,861,44.06,NA,NA,NA,NA,NA,NA,NA,NA,NA,NA,NA,NA,NA,NA,NA,NA,NA,NA,NA,NA
"646","National Tsing Hua University","Taiwan",2015,NA,NA,407,4,262,520,218,238,425,428,375,731,45.14,263,39.4,24.8,40.3,49.1,49.4,NA,"10,221",13.5,"5%","33 : 67",250,"2",NA,12.6,0,5.1,12.9,32.6,21.1
"647","National Technical University of Athens","Greece",2015,NA,NA,695,6,187,567,218,514,950,511,659,871,44.37,NA,NA,NA,NA,NA,NA,NA,NA,NA,NA,NA,NA,NA,NA,NA,NA,NA,NA,NA,NA
"648","National Taiwan University of Science and Technology","Taiwan",2015,NA,NA,916,15,367,567,218,598,991,812,886,823,44.12,376,27.7,26.7,42.6,30.9,82,NA,"7,446",17.4,"11%","34 : 66",NA,NA,NA,NA,NA,NA,NA,NA,NA
"650","National Taiwan Ocean University","Taiwan",2015,NA,NA,946,17,367,413,218,790,940,812,946,871,44.08,NA,NA,NA,NA,NA,NA,NA,NA,NA,NA,NA,NA,NA,NA,NA,NA,NA,NA,NA,NA
"652","National Sun Yat-Sen University","Taiwan",2015,NA,NA,803,11,367,567,218,461,950,511,781,871,44.24,376,26.4,24.2,32.9,39,47,NA,"9,336",19.6,"4%","37 : 63",450,"6-7",NA,0,0,12.3,2.3,26.5,19.6
"653","National Research Nuclear University MEPhI","Russia",2015,NA,NA,755,4,306,567,218,957,699,428,671,871,44.29,NA,NA,NA,NA,NA,NA,NA,NA,NA,NA,NA,NA,NA,NA,NA,NA,NA,NA,NA,NA
"655","National Polytechnic Institute","Mexico",2015,NA,NA,786,2,330,567,218,573,579,428,741,620,44.26,NA,NA,NA,NA,NA,NA,NA,NA,NA,NA,NA,NA,NA,NA,NA,NA,NA,NA,NA,NA
"657","National Chung Cheng University","Taiwan",2015,NA,NA,865,13,367,567,218,796,991,645,809,871,44.17,NA,NA,NA,NA,NA,NA,NA,NA,NA,NA,NA,NA,NA,NA,NA,NA,NA,NA,NA,NA
"658","National Chiao Tung University","Taiwan",2015,NA,NA,386,3,367,206,218,240,651,428,413,871,45.24,288,35,30.7,40.7,40.4,98.2,NA,"12,646",16.6,"5%","27 : 73",350,"3-5",NA,0,0,8.6,8.8,32.1,19.3
"659","National Cheng Kung University","Taiwan",2015,NA,NA,226,2,367,52,218,164,485,812,388,436,46.97,376,31.8,26.7,40.1,28.4,100,NA,"21,234",14.4,"11%","36 : 64",350,"3-5",NA,0,0,10.1,4.9,40.7,17.2
"660","National Central University","Taiwan",2015,NA,NA,564,8,225,567,218,384,468,511,520,839,44.6,NA,NA,NA,NA,NA,NA,NA,NA,NA,NA,NA,NA,NA,NA,NA,NA,NA,NA,NA,NA
"662","National and Kapodistrian University of Athens","Greece",2015,NA,NA,301,1,367,200,218,245,416,428,273,871,45.94,NA,NA,NA,NA,NA,NA,NA,NA,NA,NA,NA,350,"1",NA,0,0,10.6,4.4,38.9,19.7
"664","Nanyang Technological University","Singapore",2015,NA,NA,135,2,367,567,218,102,361,212,204,32,49.29,61,43.9,92.5,55.9,75.9,100,62.2,"25,028",16.2,"33%","48 : 52",176,"2",NA,0,0,11.2,10.5,50.5,26.2
"673","Nagoya University","Japan",2015,NA,NA,125,9,39,322,53,138,140,146,195,78,49.57,238,37.5,31.8,31.8,59.9,86.3,NA,"15,529",7.9,"10%","29 : 71",77,"3",26.7,29,25.3,16.8,17.7,44.3,23.1
"674","Nagoya Institute of Technology","Japan",2015,NA,NA,827,60,367,504,218,825,958,645,921,229,44.2,NA,NA,NA,NA,NA,NA,NA,NA,NA,NA,NA,NA,NA,NA,NA,NA,NA,NA,NA,NA
"675","Nagoya City University","Japan",2015,NA,NA,599,34,367,333,218,785,525,368,565,400,44.52,NA,NA,NA,NA,NA,NA,NA,NA,NA,NA,NA,NA,NA,NA,NA,NA,NA,NA,NA,NA
"676","Nagasaki University","Japan",2015,NA,NA,486,24,299,214,218,614,607,645,529,233,44.82,NA,NA,NA,NA,NA,NA,NA,NA,NA,NA,NA,NA,NA,NA,NA,NA,NA,NA,NA,NA
"681","Missouri University of Science and Technology","United States of America",2015,NA,NA,718,199,367,246,218,718,923,645,826,592,44.34,NA,NA,NA,NA,NA,NA,NA,NA,NA,NA,NA,NA,NA,NA,NA,NA,NA,NA,NA,NA
"683","Mines ParisTech","France",2015,NA,NA,104,5,278,23,169,977,834,812,906,871,50.34,238,39.6,58.7,23.2,55.1,99,NA,"1,283",5.6,"22%","28 : 72",450,"19-22",NA,13.6,24.9,0,3.6,7.8,13.6
"685","Mie University","Japan",2015,NA,NA,780,57,367,567,218,835,860,645,741,368,44.27,NA,NA,NA,NA,NA,NA,NA,NA,NA,NA,NA,NA,NA,NA,NA,NA,NA,NA,NA,NA
"686","Middle East Technical University","Turkey",2015,NA,NA,470,1,367,120,218,550,879,511,659,871,44.87,85,45.5,38.7,36.9,92,55.2,56.6,"25,779",22.2,"7%","44 : 56",NA,NA,NA,NA,NA,NA,NA,NA,NA
"690","Memorial University of Newfoundland","Canada",2015,NA,NA,611,24,367,567,218,552,577,645,529,653,44.49,NA,NA,NA,NA,NA,NA,NA,NA,NA,NA,NA,NA,NA,NA,NA,NA,NA,NA,NA,NA
"697","Mayo Medical School","United States of America",2015,NA,NA,NA,NA,NA,NA,NA,NA,NA,NA,NA,NA,NA,NA,NA,NA,NA,NA,NA,NA,NA,NA,NA,NA,126,"52-65",NA,0,0,35.4,12.8,46.5,29.5
"700","Masaryk University","Czech Republic",2015,NA,NA,702,2,367,567,218,645,519,645,622,705,44.36,NA,NA,NA,NA,NA,NA,NA,NA,NA,NA,NA,NA,NA,NA,NA,NA,NA,NA,NA,NA
"701","Martin Luther University of Halle-Wittenberg","Germany",2015,NA,NA,497,40,358,567,210,394,345,812,413,706,44.79,NA,NA,NA,NA,NA,NA,NA,NA,NA,NA,NA,450,"29-39",NA,0,6.7,3.6,9.4,25.9,14
"703","Marche Polytechnic University","Italy",2015,NA,NA,662,35,367,567,218,688,649,812,565,748,44.41,NA,NA,NA,NA,NA,NA,NA,NA,NA,NA,NA,NA,NA,NA,NA,NA,NA,NA,NA,NA
"711","Lund University","Sweden",2015,NA,NA,117,2,136,466,169,85,135,53,60,871,49.75,119,32.6,70.1,48.5,74.9,32.6,52.9,"28,251",11.5,"15%","",126,"4",NA,21.2,0,22.5,16.3,49.7,21.2
"719","London School of Economics and Political Science","United Kingdom",2015,NA,NA,279,25,78,65,91,503,739,264,590,871,46.22,34,65.4,87.4,74.2,71.3,40.6,70.9,"",NA,"","",126,"10-17",NA,19.9,16.3,15.2,NA,31.2,28.7
"720","Lomonosov Moscow State University","Russia",2015,NA,NA,59,1,14,175,48,268,254,287,344,861,54.19,196,55.9,60.4,42.1,33.8,78.5,46,"30,822",7.7,"20%","43 : 57",86,"1",25.3,41.4,33,0,7.7,46.4,31.3
"732","Kyushu University","Japan",2015,NA,NA,100,7,367,49,218,152,182,264,200,37,50.6,376,36.5,26.1,28.5,33.6,68.7,NA,"18,925",6.7,"8%","28 : 72",250,"8-9",NA,0,0,13.1,12.3,44.2,17.5
"733","Kyungpook National University","South Korea",2015,NA,NA,307,8,367,412,218,355,625,321,413,66,45.92,NA,NA,NA,NA,NA,NA,NA,NA,NA,NA,NA,450,"9-12",NA,0,0,0,3.3,35,17
"734","Kyung Hee University","South Korea",2015,NA,NA,401,12,245,495,218,380,584,645,558,95,45.16,NA,NA,NA,NA,NA,NA,NA,NA,NA,NA,NA,350,"6-8",NA,0,0,5,4.4,38.9,18
"739","Kumamoto University","Japan",2015,NA,NA,419,17,308,353,218,495,441,428,409,152,45.11,NA,NA,NA,NA,NA,NA,NA,NA,NA,NA,NA,NA,NA,NA,NA,NA,NA,NA,NA,NA
"740","Korea University","South Korea",2015,NA,NA,115,3,367,58,218,172,411,321,273,26,49.79,213,48.9,35.9,44.3,39.9,98.5,NA,"24,043",15.8,"14%","",250,"2-5",NA,0,0,8.7,8.7,50.7,22.1
"741","Korea Advanced Institute of Science and Technology","South Korea",2015,NA,NA,144,4,367,194,218,183,283,368,289,8,48.95,52,63.5,34.9,63.2,71.4,100,64.5,"9,027",10,"9%","20 : 80",250,"2-5",NA,0,0,8.3,14.1,38.8,28.7
"742","Konkuk University","South Korea",2015,NA,NA,602,22,367,388,218,533,748,812,686,204,44.51,NA,NA,NA,NA,NA,NA,NA,NA,NA,NA,NA,NA,NA,NA,NA,NA,NA,NA,NA,NA
"746","Kitasato University","Japan",2015,NA,NA,732,48,367,567,218,725,595,812,646,871,44.32,NA,NA,NA,NA,NA,NA,NA,NA,NA,NA,NA,NA,NA,NA,NA,NA,NA,NA,NA,NA
"751","King Abdullah University of Science and Technology","Saudi Arabia",2015,NA,NA,704,2,367,567,126,691,529,812,946,182,44.36,NA,NA,NA,NA,NA,NA,NA,NA,NA,NA,NA,350,"3",NA,0,0,20.3,9.5,22.4,15.5
"753","Kindai University","Japan",2015,NA,NA,737,50,367,567,218,680,712,428,686,437,44.32,NA,NA,NA,NA,NA,NA,NA,NA,NA,NA,NA,NA,NA,NA,NA,NA,NA,NA,NA,NA
"755","Keio University","Japan",2015,NA,NA,34,3,284,5,218,309,246,368,270,80,59.84,NA,NA,NA,NA,NA,NA,NA,NA,NA,NA,NA,350,"10-12",NA,0,0,10.1,12.2,32.5,13.4
"759","Karlsruhe Institute of Technology","Germany",2015,NA,NA,213,16,356,208,131,193,280,146,247,103,47.15,165,40.5,60.1,34.9,62.9,82.7,48.1,"25,294",24.6,"16%","26 : 74",250,"14-21",NA,0,0,12,14.9,37.2,20.3
"760","Kaohsiung Medical University","Taiwan",2015,NA,NA,757,10,367,567,218,539,854,812,699,661,44.29,NA,NA,NA,NA,NA,NA,NA,NA,NA,NA,NA,NA,NA,NA,NA,NA,NA,NA,NA,NA
"762","Kangwon National University","South Korea",2015,NA,NA,812,27,367,567,218,706,819,645,781,428,44.22,NA,NA,NA,NA,NA,NA,NA,NA,NA,NA,NA,NA,NA,NA,NA,NA,NA,NA,NA,NA
"764","Kaiserslautern University of Technology","Germany",2015,NA,NA,691,47,367,522,218,679,523,812,606,668,44.37,NA,NA,NA,NA,NA,NA,NA,NA,NA,NA,NA,NA,NA,NA,NA,NA,NA,NA,NA,NA
"767","Juntendo University","Japan",2015,NA,NA,465,19,367,567,218,653,498,428,362,853,44.9,NA,NA,NA,NA,NA,NA,NA,NA,NA,NA,NA,NA,NA,NA,NA,NA,NA,NA,NA,NA
"769","Joseph Fourier University","France",2015,NA,NA,188,8,195,567,218,110,93,234,170,160,47.71,178,38,57.3,29.3,73,31.3,47.1,"16,130",12.1,"13%","",176,"7-8",NA,0,14.9,16.3,21.9,32.9,18.2
"772","Johannes Gutenberg University of Mainz","Germany",2015,NA,NA,233,19,367,567,194,210,185,161,164,523,46.88,NA,NA,NA,NA,NA,NA,NA,NA,NA,NA,NA,250,"14-21",NA,0,7.7,8.9,15.9,35.2,20.1
"775","Jikei University School of Medicine","Japan",2015,NA,NA,775,56,367,567,218,959,711,645,686,797,44.27,NA,NA,NA,NA,NA,NA,NA,NA,NA,NA,NA,NA,NA,NA,NA,NA,NA,NA,NA,NA
"776","Jichi Medical University","Japan",2015,NA,NA,722,45,367,567,218,930,633,511,637,641,44.33,NA,NA,NA,NA,NA,NA,NA,NA,NA,NA,NA,NA,NA,NA,NA,NA,NA,NA,NA,NA
"779","Jean Monnet University","France",2015,NA,NA,880,44,367,567,218,626,486,812,850,710,44.15,NA,NA,NA,NA,NA,NA,NA,NA,NA,NA,NA,NA,NA,NA,NA,NA,NA,NA,NA,NA
"780","Jawaharlal Nehru Centre for Advanced Scientific Research","India",2015,NA,NA,777,12,367,567,218,868,650,645,715,453,44.27,NA,NA,NA,NA,NA,NA,NA,NA,NA,NA,NA,NA,NA,NA,NA,NA,NA,NA,NA,NA
"783","Jagiellonian University","Poland",2015,NA,NA,451,1,367,567,218,403,465,645,375,355,44.94,NA,NA,NA,NA,NA,NA,NA,NA,NA,NA,NA,350,"1-2",NA,10.3,0,3.6,5.9,33.6,17.1
"790","International School for Advanced Studies","Italy",2015,NA,NA,576,32,367,567,218,623,406,812,486,768,44.57,NA,NA,NA,NA,NA,NA,NA,NA,NA,NA,NA,NA,NA,NA,NA,NA,NA,NA,NA,NA
"793","Inje University","South Korea",2015,NA,NA,813,28,367,567,218,838,928,812,809,331,44.22,NA,NA,NA,NA,NA,NA,NA,NA,NA,NA,NA,NA,NA,NA,NA,NA,NA,NA,NA,NA
"794","Inha University","South Korea",2015,NA,NA,578,20,367,381,218,568,780,511,565,273,44.56,NA,NA,NA,NA,NA,NA,NA,NA,NA,NA,NA,NA,NA,NA,NA,NA,NA,NA,NA,NA
"799","Indian Institute of Technology Kharagpur","India",2015,NA,NA,614,8,367,242,218,500,974,812,686,644,44.49,NA,NA,NA,NA,NA,NA,NA,NA,NA,NA,NA,NA,NA,NA,NA,NA,NA,NA,NA,NA
"813","Huazhong Agricultural University","China",2015,NA,NA,858,52,367,567,218,651,535,645,837,494,44.17,NA,NA,NA,NA,NA,NA,NA,NA,NA,NA,NA,NA,NA,NA,NA,NA,NA,NA,NA,NA
"818","Hokkaido University","Japan",2015,NA,NA,178,10,279,277,135,148,173,287,251,53,47.97,376,38.4,25.2,27.5,32.2,43.4,NA,"18,162",8.2,"9%","29 : 71",176,"6-7",NA,11.5,16.3,7.2,15.6,42.2,18.7
"820","Hirosaki University","Japan",2015,NA,NA,945,73,367,505,218,951,844,511,906,693,44.08,NA,NA,NA,NA,NA,NA,NA,NA,NA,NA,NA,NA,NA,NA,NA,NA,NA,NA,NA,NA
"821","Heriot-Watt University","United Kingdom",2015,NA,NA,707,55,367,335,218,601,597,812,715,439,44.35,NA,NA,NA,NA,NA,NA,NA,NA,NA,NA,NA,NA,NA,NA,NA,NA,NA,NA,NA,NA
"829","Hanyang University","South Korea",2015,NA,NA,192,6,367,168,218,286,471,368,396,31,47.6,376,31.5,48.4,32.3,29,88.7,NA,"16,729",10.4,"19%","",350,"6-8",NA,0,0,0,6.9,40.5,21.6
"831","Hamamatsu University School of Medicine","Japan",2015,NA,NA,863,66,367,567,218,990,917,645,826,470,44.17,NA,NA,NA,NA,NA,NA,NA,NA,NA,NA,NA,NA,NA,NA,NA,NA,NA,NA,NA,NA
"832","Hallym University","South Korea",2015,NA,NA,952,35,367,567,218,884,908,812,921,565,44.08,NA,NA,NA,NA,NA,NA,NA,NA,NA,NA,NA,NA,NA,NA,NA,NA,NA,NA,NA,NA
"833","Hacettepe University","Turkey",2015,NA,NA,634,3,367,567,218,658,630,428,549,871,44.45,NA,NA,NA,NA,NA,NA,NA,NA,NA,NA,NA,NA,NA,NA,NA,NA,NA,NA,NA,NA
"834","Gyeongsang National University","South Korea",2015,NA,NA,434,15,367,567,218,633,673,645,606,93,45.04,NA,NA,NA,NA,NA,NA,NA,NA,NA,NA,NA,NA,NA,NA,NA,NA,NA,NA,NA,NA
"840","Graduate University for Advanced Studies","Japan",2015,NA,NA,524,29,367,567,218,613,291,645,420,871,44.7,NA,NA,NA,NA,NA,NA,NA,NA,NA,NA,NA,NA,NA,NA,NA,NA,NA,NA,NA,NA
"842","Gifu University","Japan",2015,NA,NA,670,43,367,567,218,701,658,645,606,403,44.4,NA,NA,NA,NA,NA,NA,NA,NA,NA,NA,NA,NA,NA,NA,NA,NA,NA,NA,NA,NA
"851","Gachon University","South Korea",2015,NA,NA,951,34,367,567,218,918,880,812,932,451,44.08,NA,NA,NA,NA,NA,NA,NA,NA,NA,NA,NA,NA,NA,NA,NA,NA,NA,NA,NA,NA
"854","Fukuoka University","Japan",2015,NA,NA,862,65,367,567,218,971,876,812,837,416,44.17,NA,NA,NA,NA,NA,NA,NA,NA,NA,NA,NA,NA,NA,NA,NA,NA,NA,NA,NA,NA
"856","Fu Jen Catholic University","Taiwan",2015,NA,NA,971,19,367,446,218,984,887,812,958,824,44.06,NA,NA,NA,NA,NA,NA,NA,NA,NA,NA,NA,NA,NA,NA,NA,NA,NA,NA,NA,NA
"859","Fluminense Federal University","Brazil",2015,NA,NA,915,9,367,313,218,802,892,645,958,871,44.12,NA,NA,NA,NA,NA,NA,NA,NA,NA,NA,NA,NA,NA,NA,NA,NA,NA,NA,NA,NA
"862","Florida Institute of Technology","United States of America",2015,NA,NA,823,214,367,567,218,973,793,368,770,871,44.21,200,19.7,63,13.1,99.2,53.7,45.6,"4,408",13.7,"26%","34 : 66",NA,NA,NA,NA,NA,NA,NA,NA,NA
"865","Feng Chia University","Taiwan",2015,NA,NA,983,21,367,434,218,902,991,812,975,871,44.04,NA,NA,NA,NA,NA,NA,NA,NA,NA,NA,NA,NA,NA,NA,NA,NA,NA,NA,NA,NA
"866","Federico Santa María Technical University","Chile",2015,NA,NA,960,4,367,567,218,955,923,368,946,645,44.07,263,13,48.7,10.1,99.7,28.1,NA,"11,718",34,"2%","24 : 76",NA,NA,NA,NA,NA,NA,NA,NA,NA
"879","Ewha Womans University","South Korea",2015,NA,NA,390,11,367,567,218,462,509,645,457,107,45.2,376,23.5,36,18,57.6,61.3,NA,"17,625",14.4,"6%","100 : 0",450,"9-12",NA,0,0,5,8.6,27.7,15.9
"880","ESPCI ParisTech","France",2015,NA,NA,NA,NA,NA,NA,NA,NA,NA,NA,NA,NA,NA,NA,NA,NA,NA,NA,NA,NA,NA,NA,NA,NA,350,"16-18",NA,7.3,18.8,0,10.3,15,29.3
"881","Erasmus University Rotterdam","Netherlands",2015,NA,NA,85,1,367,46,189,87,147,53,44,227,51.78,72,39.8,66.2,53.7,82.3,54.4,59.1,"20,580",18.9,"18%","48 : 52",176,"8",NA,0,14.9,22,8,33.6,26.4
"882","Eotvos Lorand University","Hungary",2015,NA,NA,458,1,89,567,116,559,444,287,495,724,44.92,NA,NA,NA,NA,NA,NA,NA,NA,NA,NA,NA,450,"1-2",NA,13.6,0,10.1,7,23.5,13.7
"885","Ehime University","Japan",2015,NA,NA,651,40,367,514,218,619,582,511,590,418,44.43,NA,NA,NA,NA,NA,NA,NA,NA,NA,NA,NA,NA,NA,NA,NA,NA,NA,NA,NA,NA
"886","Ege University","Turkey",2015,NA,NA,779,6,367,567,218,761,839,511,699,871,44.27,NA,NA,NA,NA,NA,NA,NA,NA,NA,NA,NA,NA,NA,NA,NA,NA,NA,NA,NA,NA
"889","École normale supérieure de Cachan","France",2015,NA,NA,721,32,121,323,218,895,776,428,826,871,44.33,NA,NA,NA,NA,NA,NA,NA,NA,NA,NA,NA,NA,NA,NA,NA,NA,NA,NA,NA,NA
"890","Ecole Normale Superieure - Paris","France",2015,NA,NA,37,2,8,502,54,379,157,645,295,871,58.8,78,48.7,81.9,36.2,84.8,39.4,58.1,"2,400",7.9,"20%","46 : 54",72,"3",27.6,48.9,28,6.2,19.5,26.4,60.5
"893","École centrale de Lyon","France",2015,NA,NA,881,45,367,255,218,856,841,812,991,570,44.15,NA,NA,NA,NA,NA,NA,NA,NA,NA,NA,NA,NA,NA,NA,NA,NA,NA,NA,NA,NA
"901","Dresden University of Technology","Germany",2015,NA,NA,210,15,367,567,218,188,212,146,195,102,47.25,135,39.8,44.7,42,70.8,99.5,51.6,"35,487",37.4,"12%","42 : 58",250,"14-21",NA,0,0,10.7,14.6,40.8,21.7
"903","Dongguk University","South Korea",2015,NA,NA,560,19,367,305,218,927,917,812,997,108,44.61,NA,NA,NA,NA,NA,NA,NA,NA,NA,NA,NA,NA,NA,NA,NA,NA,NA,NA,NA,NA
"905","Delft University of Technology","Netherlands",2015,NA,NA,255,9,307,300,218,224,224,264,247,146,46.46,71,55.5,77.9,71.4,42.6,100,59.2,"15,920",19.4,"25%","26 : 74",250,"9-10",NA,11.5,0,8.6,18.1,38.9,21.7
"908","Dankook University","South Korea",2015,NA,NA,834,29,367,567,218,888,948,645,896,241,44.2,NA,NA,NA,NA,NA,NA,NA,NA,NA,NA,NA,NA,NA,NA,NA,NA,NA,NA,NA,NA
"917","Complutense University of Madrid","Spain",2015,NA,NA,228,2,86,68,214,215,309,368,335,256,46.96,NA,NA,NA,NA,NA,NA,NA,NA,NA,NA,NA,250,"2-5",NA,19.2,0,0,8.6,42.8,12.4
"924","Claude Bernard University Lyon 1","France",2015,NA,NA,207,10,367,567,218,132,121,234,184,151,47.31,376,19.1,52.1,17.2,62.6,33.6,NA,"35,308",16.1,"11%","50 : 50",250,"9-15",NA,10.3,0,0,18.8,40.2,14.8
"929","Chungnam National University","South Korea",2015,NA,NA,628,23,367,567,218,470,563,645,622,290,44.47,NA,NA,NA,NA,NA,NA,NA,NA,NA,NA,NA,NA,NA,NA,NA,NA,NA,NA,NA,NA
"930","Chungbuk National University","South Korea",2015,NA,NA,806,26,367,567,218,745,859,812,809,319,44.23,NA,NA,NA,NA,NA,NA,NA,NA,NA,NA,NA,NA,NA,NA,NA,NA,NA,NA,NA,NA
"931","Chung-Ang University","South Korea",2015,NA,NA,756,24,367,461,218,637,781,511,886,218,44.29,NA,NA,NA,NA,NA,NA,NA,NA,NA,NA,NA,NA,NA,NA,NA,NA,NA,NA,NA,NA
"933","Chung Shan Medical University","Taiwan",2015,NA,NA,967,18,367,567,218,727,973,645,946,871,44.06,NA,NA,NA,NA,NA,NA,NA,NA,NA,NA,NA,NA,NA,NA,NA,NA,NA,NA,NA,NA
"934","Chulalongkorn University","Thailand",2015,NA,NA,311,1,367,57,218,584,734,511,558,871,45.86,NA,NA,NA,NA,NA,NA,NA,NA,NA,NA,NA,NA,NA,NA,NA,NA,NA,NA,NA,NA
"935","Chosun University","South Korea",2015,NA,NA,878,32,367,567,218,942,984,812,991,209,44.15,NA,NA,NA,NA,NA,NA,NA,NA,NA,NA,NA,NA,NA,NA,NA,NA,NA,NA,NA,NA
"936","Chonnam National University","South Korea",2015,NA,NA,384,10,367,547,218,405,589,511,437,109,45.27,NA,NA,NA,NA,NA,NA,NA,NA,NA,NA,NA,NA,NA,NA,NA,NA,NA,NA,NA,NA
"938","Chonbuk National University","South Korea",2015,NA,NA,422,13,367,567,218,507,774,812,646,83,45.09,NA,NA,NA,NA,NA,NA,NA,NA,NA,NA,NA,NA,NA,NA,NA,NA,NA,NA,NA,NA
"943","China Medical University (PRC)","China",2015,NA,NA,982,78,367,567,218,804,749,645,958,871,44.04,NA,NA,NA,NA,NA,NA,NA,NA,NA,NA,NA,350,"3-5",NA,0,0,13.6,2.1,31.3,23.2
"945","Chiba University","Japan",2015,NA,NA,418,16,367,567,218,361,343,368,362,267,45.11,NA,NA,NA,NA,NA,NA,NA,NA,NA,NA,NA,350,"10-12",NA,0,0,10,9.7,29.1,16.4
"949","Chang Gung University","Taiwan",2015,NA,NA,563,7,367,567,218,344,598,812,520,824,44.6,NA,NA,NA,NA,NA,NA,NA,NA,NA,NA,NA,450,"6-7",NA,0,0,3.6,2.7,34.6,21.7
"950","Chalmers University of Technology","Sweden",2015,NA,NA,402,9,361,311,218,367,426,428,349,871,45.16,288,35.7,62.5,32.8,40.8,75.8,NA,"8,605",11.6,"15%","30 : 70",350,"8-10",NA,0,0,8.9,10.7,29.7,19.9
"953","Catholic University of the Sacred Heart","Italy",2015,NA,NA,387,18,367,555,218,424,482,321,324,770,45.22,NA,NA,NA,NA,NA,NA,NA,NA,NA,NA,NA,450,"11-20",NA,0,0,3.6,7,29.8,18.1
"954","Catholic University of Louvain","Belgium",2015,NA,NA,231,4,367,264,97,283,325,115,213,236,46.89,171,37.9,59.7,34.9,67.7,46.1,47.8,"28,856",42,"19%","54 : 46",176,"4",NA,10.3,13.3,15.9,9.1,37.4,26.9
"955","Catholic University of Korea","South Korea",2015,NA,NA,511,18,367,567,218,576,792,645,590,139,44.74,NA,NA,NA,NA,NA,NA,NA,NA,NA,NA,NA,450,"9-12",NA,0,0,0,1.5,29.8,34.8
"971","Bowling Green State University","United States of America",2015,NA,NA,809,213,367,373,218,910,705,645,781,824,44.23,NA,NA,NA,NA,NA,NA,NA,NA,NA,NA,NA,NA,NA,NA,NA,NA,NA,NA,NA,NA
"974","Boğaziçi University","Turkey",2015,NA,NA,837,7,367,519,218,843,766,511,781,824,44.19,139,28.5,54.1,27.6,96.8,47.7,51.1,"11,506",25,"7%","50 : 50",NA,NA,NA,NA,NA,NA,NA,NA,NA
"978","Bilkent University","Turkey",2015,NA,NA,842,8,367,475,218,781,789,812,796,871,44.19,213,28,44.6,27.7,76,46.4,NA,"",NA,"","",NA,NA,NA,NA,NA,NA,NA,NA,NA
"979","Bielefeld University","Germany",2015,NA,NA,464,36,367,567,218,480,375,511,369,774,44.91,376,27.5,48.6,19.1,52,37.4,NA,"21,428",67.8,"8%","57 : 43",450,"29-39",NA,0,0,11.8,8.6,24.8,14
"994","Australian National University","Australia",2015,NA,NA,179,6,196,379,52,130,99,197,188,415,47.97,45,53.7,91.3,70.9,71.1,38.9,66.5,"14,604",19.2,"35%","52 : 48",77,"2",26.7,13.6,19.2,24.8,20.1,45.1,29.1
"998","Aristotle University of Thessaloniki","Greece",2015,NA,NA,459,2,367,567,218,340,683,511,381,756,44.92,NA,NA,NA,NA,NA,NA,NA,NA,NA,NA,NA,450,"2",NA,0,0,4.9,1.5,34,16.8
"1000","Amirkabir University of Technology","Iran",2015,NA,NA,958,8,367,567,218,725,962,645,932,871,44.07,NA,NA,NA,NA,NA,NA,NA,NA,NA,NA,NA,NA,NA,NA,NA,NA,NA,NA,NA,NA
"1006","Ajou University","South Korea",2015,NA,NA,433,14,367,426,218,646,729,645,671,89,45.04,NA,NA,NA,NA,NA,NA,NA,NA,NA,NA,NA,NA,NA,NA,NA,NA,NA,NA,NA,NA
"1014","Aalto University","Finland",2015,NA,NA,421,4,367,224,218,336,403,645,424,246,45.1,263,31.8,59.4,31.3,50.2,64.5,NA,"16,099",24.2,"17%","32 : 68",450,"4-6",NA,0,0,0,10.4,33.4,17
